{
  "files": [
    {
      "filepath": "/Users/bela/Documents/react-three-xr/packages/pointer-events/bench/pointer.bench.ts",
      "groups": [
        {
          "fullName": "bench/pointer.bench.ts > pointer performance - scene: horizontal small, depth small; ",
          "benchmarks": [
            {
              "id": "79624589_0_0",
              "sampleCount": 779998,
              "median": 0.0005840007215738297,
              "name": "raycast",
              "rank": 1,
              "rme": 0.8471168336591087,
              "totalTime": 500.00043648295105,
              "min": 0.000499999150633812,
              "max": 1.5005419999361038,
              "hz": 1559994.6381778733,
              "period": 0.0006410278442803072,
              "mean": 0.0006410278442803072,
              "variance": 0.000005987172335275317,
              "sd": 0.0024468699056703685,
              "sem": 0.0000027705381517043778,
              "df": 779997,
              "critical": 1.96,
              "moe": 0.00000543025477734058,
              "p75": 0.0006250012665987015,
              "p99": 0.0008749999105930328,
              "p995": 0.001540999859571457,
              "p999": 0.005000000819563866
            },
            {
              "id": "79624589_0_1",
              "sampleCount": 612686,
              "median": 0.0007920004427433014,
              "name": "scene: horizontal small, depth small; pointer: 1",
              "rank": 2,
              "rme": 0.1109617626407028,
              "totalTime": 500.000562928617,
              "min": 0.0006659999489784241,
              "max": 0.1528329998254776,
              "hz": 1225370.6204076225,
              "period": 0.0008160796279474593,
              "mean": 0.0008160796279474593,
              "variance": 1.3077887015412361e-7,
              "sd": 0.0003616336131419805,
              "sem": 4.6200833659295424e-7,
              "df": 612685,
              "critical": 1.96,
              "moe": 9.055363397221903e-7,
              "p75": 0.000832999125123024,
              "p99": 0.0010000001639127731,
              "p995": 0.001042000949382782,
              "p999": 0.004750000312924385
            },
            {
              "id": "79624589_0_2",
              "sampleCount": 55542,
              "median": 0.008542001247406006,
              "name": "scene: horizontal small, depth small; pointer: 10",
              "rank": 3,
              "rme": 0.804308760642608,
              "totalTime": 500.00141398608685,
              "min": 0.008332999423146248,
              "max": 1.9242499992251396,
              "hz": 111083.68585842743,
              "period": 0.00900222199391608,
              "mean": 0.00900222199391608,
              "variance": 0.00007579741705230284,
              "sd": 0.008706171205087966,
              "sem": 0.000036941663341613623,
              "df": 55541,
              "critical": 1.96,
              "moe": 0.0000724056601495627,
              "p75": 0.008666999638080597,
              "p99": 0.01616699993610382,
              "p995": 0.01854199916124344,
              "p999": 0.02483299933373928
            }
          ]
        },
        {
          "fullName": "bench/pointer.bench.ts > pointer performance - scene: horizontal big, depth small; ",
          "benchmarks": [
            {
              "id": "79624589_1_0",
              "sampleCount": 43538,
              "median": 0.011374998837709427,
              "name": "raycast",
              "rank": 2,
              "rme": 0.07245784844516281,
              "totalTime": 500.00335705280304,
              "min": 0.011124998331069946,
              "max": 0.0287919994443655,
              "hz": 87075.41536646555,
              "period": 0.011484297787055056,
              "mean": 0.011484297787055056,
              "variance": 7.847586125994608e-7,
              "sd": 0.0008858660240687983,
              "sem": 0.000004245548513028336,
              "df": 43537,
              "critical": 1.96,
              "moe": 0.00000832127508553554,
              "p75": 0.011416999623179436,
              "p99": 0.01599999889731407,
              "p995": 0.01895900070667267,
              "p999": 0.02170800045132637
            },
            {
              "id": "79624589_1_1",
              "sampleCount": 69638,
              "median": 0.006999999284744263,
              "name": "scene: horizontal big, depth small; pointer: 1",
              "rank": 1,
              "rme": 0.2154313920305359,
              "totalTime": 500.0005480274558,
              "min": 0.006791999563574791,
              "max": 0.1862080004066229,
              "hz": 139275.84734602345,
              "period": 0.007179995807281309,
              "mean": 0.007179995807281309,
              "variance": 0.000004337110664779157,
              "sd": 0.00208257308749997,
              "sem": 0.000007891818834367469,
              "df": 69637,
              "critical": 1.96,
              "moe": 0.00001546796491536024,
              "p75": 0.0070420000702142715,
              "p99": 0.011667000129818916,
              "p995": 0.015166999772191048,
              "p999": 0.020416000857949257
            },
            {
              "id": "79624589_1_2",
              "sampleCount": 6882,
              "median": 0.07091700099408627,
              "name": "scene: horizontal big, depth small; pointer: 10",
              "rank": 3,
              "rme": 0.19838987754517293,
              "totalTime": 500.0238889977336,
              "min": 0.07016599923372269,
              "max": 0.2481249999254942,
              "hz": 13763.34241508848,
              "period": 0.07265676968871455,
              "mean": 0.07265676968871455,
              "variance": 0.00003722148662414967,
              "sd": 0.006100941453919196,
              "sem": 0.00007354269204781589,
              "df": 6881,
              "critical": 1.96,
              "moe": 0.00014414367641371912,
              "p75": 0.07137500122189522,
              "p99": 0.08487500064074993,
              "p995": 0.08879199996590614,
              "p999": 0.174040999263525
            }
          ]
        },
        {
          "fullName": "bench/pointer.bench.ts > pointer performance - scene: horizontal small, depth big; ",
          "benchmarks": [
            {
              "id": "79624589_2_0",
              "sampleCount": 696248,
              "median": 0.0007080007344484329,
              "name": "raycast",
              "rank": 1,
              "rme": 0.09905234693677462,
              "totalTime": 500.0004452355206,
              "min": 0.0005829986184835434,
              "max": 0.039750000461936,
              "hz": 1392494.7600237413,
              "period": 0.0007181355569215575,
              "mean": 0.0007181355569215575,
              "variance": 9.170525419503222e-8,
              "sd": 0.00030282875391057605,
              "sem": 3.629235323052448e-7,
              "df": 696247,
              "critical": 1.96,
              "moe": 7.113301233182798e-7,
              "p75": 0.0007089991122484207,
              "p99": 0.0008749999105930328,
              "p995": 0.0009170006960630417,
              "p999": 0.0053329989314079285
            },
            {
              "id": "79624589_2_1",
              "sampleCount": 442936,
              "median": 0.0011249985545873642,
              "name": "scene: horizontal small, depth big; pointer: 1",
              "rank": 2,
              "rme": 0.09556498217781953,
              "totalTime": 500.00061293691397,
              "min": 0.0010000001639127731,
              "max": 0.03291599825024605,
              "hz": 885870.9140340316,
              "period": 0.0011288326370783002,
              "mean": 0.0011288326370783002,
              "variance": 1.3417929869662885e-7,
              "sd": 0.00036630492584270396,
              "sem": 5.503921981843305e-7,
              "df": 442935,
              "critical": 1.96,